<?xml version="1.0" encoding="UTF-8" standalone="no"?>
<?fileVersion 4.0.0?><cproject storage_type_id="org.eclipse.cdt.core.XmlProjectDescriptionStorage">
	<storageModule moduleId="org.eclipse.cdt.core.settings">
		<cconfiguration id="com.crt.advproject.config.exe.debug.493301864">
			<storageModule buildSystemId="org.eclipse.cdt.managedbuilder.core.configurationDataProvider" id="com.crt.advproject.config.exe.debug.493301864" moduleId="org.eclipse.cdt.core.settings" name="Debug">
				<externalSettings/>
				<extensions>
					<extension id="org.eclipse.cdt.core.ELF" point="org.eclipse.cdt.core.BinaryParser"/>
					<extension id="org.eclipse.cdt.core.GNU_ELF" point="org.eclipse.cdt.core.BinaryParser"/>
					<extension id="org.eclipse.cdt.core.GmakeErrorParser" point="org.eclipse.cdt.core.ErrorParser"/>
					<extension id="org.eclipse.cdt.core.GASErrorParser" point="org.eclipse.cdt.core.ErrorParser"/>
					<extension id="org.eclipse.cdt.core.GLDErrorParser" point="org.eclipse.cdt.core.ErrorParser"/>
					<extension id="org.eclipse.cdt.core.CWDLocator" point="org.eclipse.cdt.core.ErrorParser"/>
					<extension id="org.eclipse.cdt.core.GCCErrorParser" point="org.eclipse.cdt.core.ErrorParser"/>
				</extensions>
			</storageModule>
			<storageModule moduleId="cdtBuildSystem" version="4.0.0">
				<configuration artifactExtension="axf" artifactName="${ProjName}" buildArtefactType="org.eclipse.cdt.build.core.buildArtefactType.exe" buildProperties="org.eclipse.cdt.build.core.buildArtefactType=org.eclipse.cdt.build.core.buildArtefactType.exe" cleanCommand="rm -rf" description="Debug build" errorParsers="org.eclipse.cdt.core.CWDLocator;org.eclipse.cdt.core.GmakeErrorParser;org.eclipse.cdt.core.GCCErrorParser;org.eclipse.cdt.core.GLDErrorParser;org.eclipse.cdt.core.GASErrorParser" id="com.crt.advproject.config.exe.debug.493301864" name="Debug" parent="com.crt.advproject.config.exe.debug" postannouncebuildStep="Performing post-build steps" postbuildStep="arm-none-eabi-size &quot;${BuildArtifactFileName}&quot;; # arm-none-eabi-objcopy -v -O binary &quot;${BuildArtifactFileName}&quot; &quot;${BuildArtifactFileBaseName}.bin&quot; ; # checksum -p ${TargetChip} -d &quot;${BuildArtifactFileBaseName}.bin&quot;;  ">
					<folderInfo id="com.crt.advproject.config.exe.debug.493301864." name="/" resourcePath="">
						<toolChain id="com.crt.advproject.toolchain.exe.debug.1094279867" name="NXP MCU Tools" superClass="com.crt.advproject.toolchain.exe.debug">
							<targetPlatform binaryParser="org.eclipse.cdt.core.ELF;org.eclipse.cdt.core.GNU_ELF" id="com.crt.advproject.platform.exe.debug.822168988" name="ARM-based MCU (Debug)" superClass="com.crt.advproject.platform.exe.debug"/>
							<builder buildPath="${workspace_loc:/XY-Plotter}/Debug" id="com.crt.advproject.builder.exe.debug.1765583996" keepEnvironmentInBuildfile="false" managedBuildOn="true" name="Gnu Make Builder" superClass="com.crt.advproject.builder.exe.debug"/>
							<tool id="com.crt.advproject.cpp.exe.debug.729262787" name="MCU C++ Compiler" superClass="com.crt.advproject.cpp.exe.debug">
								<option id="com.crt.advproject.cpp.specs.625432601" name="Specs" superClass="com.crt.advproject.cpp.specs" value="com.crt.advproject.cpp.specs.newlib" valueType="enumerated"/>
								<option id="com.crt.advproject.cpp.arch.1461963606" name="Architecture" superClass="com.crt.advproject.cpp.arch" value="com.crt.advproject.cpp.target.cm3" valueType="enumerated"/>
								<option id="com.crt.advproject.cpp.thumb.920618407" name="Thumb mode" superClass="com.crt.advproject.cpp.thumb" value="true" valueType="boolean"/>
								<option id="gnu.cpp.compiler.option.preprocessor.def.1039977052" name="Defined symbols (-D)" superClass="gnu.cpp.compiler.option.preprocessor.def" valueType="definedSymbols">
									<listOptionValue builtIn="false" value="__NEWLIB__"/>
									<listOptionValue builtIn="false" value="DEBUG"/>
									<listOptionValue builtIn="false" value="__CODE_RED"/>
									<listOptionValue builtIn="false" value="CORE_M3"/>
									<listOptionValue builtIn="false" value="__USE_LPCOPEN"/>
									<listOptionValue builtIn="false" value="CPP_USE_HEAP"/>
									<listOptionValue builtIn="false" value="__LPC15XX__"/>
								</option>
								<option id="gnu.cpp.compiler.option.other.other.1930800052" name="Other flags" superClass="gnu.cpp.compiler.option.other.other" value="-c -fmessage-length=0 -fno-builtin -ffunction-sections -fdata-sections -fno-rtti -fno-exceptions" valueType="string"/>
								<option id="gnu.cpp.compiler.option.optimization.flags.160283751" name="Other optimization flags" superClass="gnu.cpp.compiler.option.optimization.flags" value="-fno-common" valueType="string"/>
								<option id="com.crt.advproject.cpp.hdrlib.467131897" name="Library headers" superClass="com.crt.advproject.cpp.hdrlib" value="Newlib" valueType="enumerated"/>
								<option id="gnu.cpp.compiler.option.include.paths.1071808418" name="Include paths (-I)" superClass="gnu.cpp.compiler.option.include.paths" valueType="includePath">
									<listOptionValue builtIn="false" value="&quot;${workspace_loc:/lpc_board_nxp_lpcxpresso_1549/inc}&quot;"/>
									<listOptionValue builtIn="false" value="&quot;${workspace_loc:/lpc_chip_15xx/inc}&quot;"/>
									<listOptionValue builtIn="false" value="&quot;${workspace_loc:/${ProjName}/freertos/inc}&quot;"/>
									<listOptionValue builtIn="false" value="&quot;${workspace_loc:/${ProjName}/src}&quot;"/>
								</option>
								<inputType id="com.crt.advproject.compiler.cpp.input.106531452" superClass="com.crt.advproject.compiler.cpp.input"/>
							</tool>
							<tool id="com.crt.advproject.gcc.exe.debug.756480476" name="MCU C Compiler" superClass="com.crt.advproject.gcc.exe.debug">
								<option id="com.crt.advproject.gcc.hdrlib.1982102484" name="Library headers" superClass="com.crt.advproject.gcc.hdrlib" value="Newlib" valueType="enumerated"/>
								<option id="com.crt.advproject.gcc.specs.22432779" name="Specs" superClass="com.crt.advproject.gcc.specs" value="com.crt.advproject.gcc.specs.newlib" valueType="enumerated"/>
								<option id="com.crt.advproject.gcc.arch.1921496599" name="Architecture" superClass="com.crt.advproject.gcc.arch" value="com.crt.advproject.gcc.target.cm3" valueType="enumerated"/>
								<option id="com.crt.advproject.gcc.thumb.884624842" name="Thumb mode" superClass="com.crt.advproject.gcc.thumb" value="true" valueType="boolean"/>
								<option id="gnu.c.compiler.option.preprocessor.def.symbols.2089229454" name="Defined symbols (-D)" superClass="gnu.c.compiler.option.preprocessor.def.symbols" valueType="definedSymbols">
									<listOptionValue builtIn="false" value="__NEWLIB__"/>
									<listOptionValue builtIn="false" value="DEBUG"/>
									<listOptionValue builtIn="false" value="__CODE_RED"/>
									<listOptionValue builtIn="false" value="CORE_M3"/>
									<listOptionValue builtIn="false" value="__USE_LPCOPEN"/>
									<listOptionValue builtIn="false" value="CPP_USE_HEAP"/>
									<listOptionValue builtIn="false" value="__LPC15XX__"/>
								</option>
								<option id="gnu.c.compiler.option.misc.other.301565859" name="Other flags" superClass="gnu.c.compiler.option.misc.other" value="-c -fmessage-length=0 -fno-builtin -ffunction-sections -fdata-sections" valueType="string"/>
								<option id="gnu.c.compiler.option.optimization.flags.509427299" name="Other optimization flags" superClass="gnu.c.compiler.option.optimization.flags" value="-fno-common" valueType="string"/>
								<option id="gnu.c.compiler.option.include.paths.668658789" name="Include paths (-I)" superClass="gnu.c.compiler.option.include.paths" valueType="includePath">
									<listOptionValue builtIn="false" value="&quot;${workspace_loc:/lpc_board_nxp_lpcxpresso_1549/inc}&quot;"/>
									<listOptionValue builtIn="false" value="&quot;${workspace_loc:/lpc_chip_15xx/inc}&quot;"/>
									<listOptionValue builtIn="false" value="&quot;${workspace_loc:/${ProjName}/freertos/inc}&quot;"/>
									<listOptionValue builtIn="false" value="&quot;${workspace_loc:/${ProjName}/src}&quot;"/>
								</option>
								<inputType id="com.crt.advproject.compiler.input.1218430736" superClass="com.crt.advproject.compiler.input"/>
							</tool>
							<tool id="com.crt.advproject.gas.exe.debug.664614241" name="MCU Assembler" superClass="com.crt.advproject.gas.exe.debug">
								<option id="com.crt.advproject.gas.hdrlib.1910289683" name="Library headers" superClass="com.crt.advproject.gas.hdrlib" value="Newlib" valueType="enumerated"/>
								<option id="com.crt.advproject.gas.specs.1147068442" name="Specs" superClass="com.crt.advproject.gas.specs" value="com.crt.advproject.gas.specs.newlib" valueType="enumerated"/>
								<option id="com.crt.advproject.gas.arch.536212685" name="Architecture" superClass="com.crt.advproject.gas.arch" value="com.crt.advproject.gas.target.cm3" valueType="enumerated"/>
								<option id="com.crt.advproject.gas.thumb.270886336" name="Thumb mode" superClass="com.crt.advproject.gas.thumb" value="true" valueType="boolean"/>
								<option id="gnu.both.asm.option.flags.crt.1449262530" name="Assembler flags" superClass="gnu.both.asm.option.flags.crt" value="-c -x assembler-with-cpp -D__NEWLIB__ -DDEBUG -D__CODE_RED -DCORE_M3 -D__USE_LPCOPEN -D__LPC15XX__" valueType="string"/>
								<option id="gnu.both.asm.option.include.paths.322840884" name="Include paths (-I)" superClass="gnu.both.asm.option.include.paths" valueType="includePath">
									<listOptionValue builtIn="false" value="&quot;${workspace_loc:/lpc_board_nxp_lpcxpresso_1549/inc}&quot;"/>
									<listOptionValue builtIn="false" value="&quot;${workspace_loc:/lpc_chip_15xx/inc}&quot;"/>
									<listOptionValue builtIn="false" value="&quot;${workspace_loc:/${ProjName}/freertos/inc}&quot;"/>
									<listOptionValue builtIn="false" value="&quot;${workspace_loc:/${ProjName}/src}&quot;"/>
								</option>
								<inputType id="cdt.managedbuild.tool.gnu.assembler.input.2054563974" superClass="cdt.managedbuild.tool.gnu.assembler.input"/>
								<inputType id="com.crt.advproject.assembler.input.2116919640" name="Additional Assembly Source Files" superClass="com.crt.advproject.assembler.input"/>
							</tool>
							<tool id="com.crt.advproject.link.cpp.exe.debug.548990592" name="MCU C++ Linker" superClass="com.crt.advproject.link.cpp.exe.debug">
								<option id="com.crt.advproject.link.cpp.multicore.master.userobjs.238735039" name="Slave Objects (not visible)" superClass="com.crt.advproject.link.cpp.multicore.master.userobjs" valueType="userObjs"/>
								<option id="com.crt.advproject.link.cpp.arch.474094417" name="Architecture" superClass="com.crt.advproject.link.cpp.arch" value="com.crt.advproject.link.cpp.target.cm3" valueType="enumerated"/>
								<option id="com.crt.advproject.link.cpp.thumb.175445803" name="Thumb mode" superClass="com.crt.advproject.link.cpp.thumb" value="true" valueType="boolean"/>
								<option id="com.crt.advproject.link.cpp.script.2118150693" name="Linker script" superClass="com.crt.advproject.link.cpp.script" value="&quot;XY-Plotter_Debug.ld&quot;" valueType="string"/>
								<option id="com.crt.advproject.link.cpp.manage.1537929169" name="Manage linker script" superClass="com.crt.advproject.link.cpp.manage" value="true" valueType="boolean"/>
								<option id="gnu.cpp.link.option.nostdlibs.1656204297" name="No startup or default libs (-nostdlib)" superClass="gnu.cpp.link.option.nostdlibs" value="true" valueType="boolean"/>
								<option id="gnu.cpp.link.option.other.1324902412" name="Other options (-Xlinker [option])" superClass="gnu.cpp.link.option.other" valueType="stringList">
									<listOptionValue builtIn="false" value="-Map=&quot;${BuildArtifactFileBaseName}.map&quot;"/>
									<listOptionValue builtIn="false" value="--gc-sections"/>
									<listOptionValue builtIn="false" value="-print-memory-usage"/>
								</option>
								<option id="com.crt.advproject.link.cpp.hdrlib.1180527427" name="Library" superClass="com.crt.advproject.link.cpp.hdrlib" value="com.crt.advproject.cpp.link.hdrlib.newlib.nohost" valueType="enumerated"/>
								<option id="gnu.cpp.link.option.libs.1399360840" name="Libraries (-l)" superClass="gnu.cpp.link.option.libs" valueType="libs">
									<listOptionValue builtIn="false" value="lpc_board_nxp_lpcxpresso_1549"/>
									<listOptionValue builtIn="false" value="lpc_chip_15xx"/>
								</option>
								<option id="gnu.cpp.link.option.paths.1288706118" name="Library search path (-L)" superClass="gnu.cpp.link.option.paths" valueType="libPaths">
									<listOptionValue builtIn="false" value="&quot;${workspace_loc:/lpc_board_nxp_lpcxpresso_1549/Debug}&quot;"/>
									<listOptionValue builtIn="false" value="&quot;${workspace_loc:/lpc_chip_15xx/Debug}&quot;"/>
								</option>
								<option id="com.crt.advproject.link.cpp.crpenable.1735277695" name="Enable Code Read Protection" superClass="com.crt.advproject.link.cpp.crpenable"/>
								<option id="com.crt.advproject.link.cpp.multicore.slave.74468897" name="Multicore configuration" superClass="com.crt.advproject.link.cpp.multicore.slave"/>
								<inputType id="cdt.managedbuild.tool.gnu.cpp.linker.input.1864254357" superClass="cdt.managedbuild.tool.gnu.cpp.linker.input">
									<additionalInput kind="additionalinputdependency" paths="$(USER_OBJS)"/>
									<additionalInput kind="additionalinput" paths="$(LIBS)"/>
								</inputType>
							</tool>
							<tool id="com.crt.advproject.link.exe.debug.83528330" name="MCU Linker" superClass="com.crt.advproject.link.exe.debug"/>
						</toolChain>
					</folderInfo>
					<sourceEntries>
						<entry flags="VALUE_WORKSPACE_PATH" kind="sourcePath" name="freertos"/>
						<entry flags="VALUE_WORKSPACE_PATH|RESOLVED" kind="sourcePath" name="src"/>
					</sourceEntries>
				</configuration>
			</storageModule>
			<storageModule moduleId="org.eclipse.cdt.core.externalSettings"/>
		</cconfiguration>
		<cconfiguration id="com.crt.advproject.config.exe.release.486325822">
			<storageModule buildSystemId="org.eclipse.cdt.managedbuilder.core.configurationDataProvider" id="com.crt.advproject.config.exe.release.486325822" moduleId="org.eclipse.cdt.core.settings" name="Release">
				<externalSettings/>
				<extensions>
					<extension id="org.eclipse.cdt.core.ELF" point="org.eclipse.cdt.core.BinaryParser"/>
					<extension id="org.eclipse.cdt.core.GNU_ELF" point="org.eclipse.cdt.core.BinaryParser"/>
					<extension id="org.eclipse.cdt.core.GmakeErrorParser" point="org.eclipse.cdt.core.ErrorParser"/>
					<extension id="org.eclipse.cdt.core.GASErrorParser" point="org.eclipse.cdt.core.ErrorParser"/>
					<extension id="org.eclipse.cdt.core.GLDErrorParser" point="org.eclipse.cdt.core.ErrorParser"/>
					<extension id="org.eclipse.cdt.core.CWDLocator" point="org.eclipse.cdt.core.ErrorParser"/>
					<extension id="org.eclipse.cdt.core.GCCErrorParser" point="org.eclipse.cdt.core.ErrorParser"/>
				</extensions>
			</storageModule>
			<storageModule moduleId="cdtBuildSystem" version="4.0.0">
				<configuration artifactExtension="axf" artifactName="${ProjName}" buildArtefactType="org.eclipse.cdt.build.core.buildArtefactType.exe" buildProperties="org.eclipse.cdt.build.core.buildArtefactType=org.eclipse.cdt.build.core.buildArtefactType.exe" cleanCommand="rm -rf" description="Release build" errorParsers="org.eclipse.cdt.core.CWDLocator;org.eclipse.cdt.core.GmakeErrorParser;org.eclipse.cdt.core.GCCErrorParser;org.eclipse.cdt.core.GLDErrorParser;org.eclipse.cdt.core.GASErrorParser" id="com.crt.advproject.config.exe.release.486325822" name="Release" parent="com.crt.advproject.config.exe.release" postannouncebuildStep="Performing post-build steps" postbuildStep="arm-none-eabi-size &quot;${BuildArtifactFileName}&quot;; # arm-none-eabi-objcopy -v -O binary &quot;${BuildArtifactFileName}&quot; &quot;${BuildArtifactFileBaseName}.bin&quot; ; # checksum -p ${TargetChip} -d &quot;${BuildArtifactFileBaseName}.bin&quot;;  ">
					<folderInfo id="com.crt.advproject.config.exe.release.486325822." name="/" resourcePath="">
						<toolChain id="com.crt.advproject.toolchain.exe.release.836745305" name="NXP MCU Tools" superClass="com.crt.advproject.toolchain.exe.release">
							<targetPlatform binaryParser="org.eclipse.cdt.core.ELF;org.eclipse.cdt.core.GNU_ELF" id="com.crt.advproject.platform.exe.release.907521112" name="ARM-based MCU (Release)" superClass="com.crt.advproject.platform.exe.release"/>
							<builder buildPath="${workspace_loc:/XY-Plotter}/Release" id="com.crt.advproject.builder.exe.release.1878382038" keepEnvironmentInBuildfile="false" managedBuildOn="true" name="Gnu Make Builder" superClass="com.crt.advproject.builder.exe.release"/>
							<tool id="com.crt.advproject.cpp.exe.release.1203587922" name="MCU C++ Compiler" superClass="com.crt.advproject.cpp.exe.release">
								<option id="com.crt.advproject.cpp.specs.1728016133" name="Specs" superClass="com.crt.advproject.cpp.specs" value="com.crt.advproject.cpp.specs.newlib" valueType="enumerated"/>
								<option id="com.crt.advproject.cpp.arch.1063288497" name="Architecture" superClass="com.crt.advproject.cpp.arch" value="com.crt.advproject.cpp.target.cm3" valueType="enumerated"/>
								<option id="com.crt.advproject.cpp.thumb.1567590064" name="Thumb mode" superClass="com.crt.advproject.cpp.thumb" value="true" valueType="boolean"/>
								<option id="gnu.cpp.compiler.option.preprocessor.def.707472435" name="Defined symbols (-D)" superClass="gnu.cpp.compiler.option.preprocessor.def" valueType="definedSymbols">
									<listOptionValue builtIn="false" value="__NEWLIB__"/>
									<listOptionValue builtIn="false" value="NDEBUG"/>
									<listOptionValue builtIn="false" value="__CODE_RED"/>
									<listOptionValue builtIn="false" value="CORE_M3"/>
									<listOptionValue builtIn="false" value="__USE_LPCOPEN"/>
									<listOptionValue builtIn="false" value="CPP_USE_HEAP"/>
									<listOptionValue builtIn="false" value="__LPC15XX__"/>
								</option>
								<option id="gnu.cpp.compiler.option.other.other.1432656349" name="Other flags" superClass="gnu.cpp.compiler.option.other.other" value="-c -fmessage-length=0 -fno-builtin -ffunction-sections -fdata-sections -fno-rtti -fno-exceptions" valueType="string"/>
								<option id="gnu.cpp.compiler.option.optimization.flags.1092001597" name="Other optimization flags" superClass="gnu.cpp.compiler.option.optimization.flags" value="-fno-common -Os" valueType="string"/>
								<option id="com.crt.advproject.cpp.hdrlib.1537600500" name="Library headers" superClass="com.crt.advproject.cpp.hdrlib" value="Newlib" valueType="enumerated"/>
								<option id="gnu.cpp.compiler.option.include.paths.1748398866" name="Include paths (-I)" superClass="gnu.cpp.compiler.option.include.paths" valueType="includePath">
									<listOptionValue builtIn="false" value="&quot;${workspace_loc:/lpc_board_nxp_lpcxpresso_1549/inc}&quot;"/>
									<listOptionValue builtIn="false" value="&quot;${workspace_loc:/lpc_chip_15xx/inc}&quot;"/>
									<listOptionValue builtIn="false" value="&quot;${workspace_loc:/${ProjName}/freertos/inc}&quot;"/>
									<listOptionValue builtIn="false" value="&quot;${workspace_loc:/${ProjName}/src}&quot;"/>
								</option>
								<inputType id="com.crt.advproject.compiler.cpp.input.1050652639" superClass="com.crt.advproject.compiler.cpp.input"/>
							</tool>
							<tool id="com.crt.advproject.gcc.exe.release.80879956" name="MCU C Compiler" superClass="com.crt.advproject.gcc.exe.release">
								<option id="com.crt.advproject.gcc.hdrlib.964896927" name="Library headers" superClass="com.crt.advproject.gcc.hdrlib" value="Newlib" valueType="enumerated"/>
								<option id="com.crt.advproject.gcc.specs.2135384659" name="Specs" superClass="com.crt.advproject.gcc.specs" value="com.crt.advproject.gcc.specs.newlib" valueType="enumerated"/>
								<option id="com.crt.advproject.gcc.arch.290466627" name="Architecture" superClass="com.crt.advproject.gcc.arch" value="com.crt.advproject.gcc.target.cm3" valueType="enumerated"/>
								<option id="com.crt.advproject.gcc.thumb.1223025979" name="Thumb mode" superClass="com.crt.advproject.gcc.thumb" value="true" valueType="boolean"/>
								<option id="gnu.c.compiler.option.preprocessor.def.symbols.364921787" name="Defined symbols (-D)" superClass="gnu.c.compiler.option.preprocessor.def.symbols" valueType="definedSymbols">
									<listOptionValue builtIn="false" value="__NEWLIB__"/>
									<listOptionValue builtIn="false" value="NDEBUG"/>
									<listOptionValue builtIn="false" value="__CODE_RED"/>
									<listOptionValue builtIn="false" value="CORE_M3"/>
									<listOptionValue builtIn="false" value="__USE_LPCOPEN"/>
									<listOptionValue builtIn="false" value="CPP_USE_HEAP"/>
									<listOptionValue builtIn="false" value="__LPC15XX__"/>
								</option>
								<option id="gnu.c.compiler.option.misc.other.363106005" name="Other flags" superClass="gnu.c.compiler.option.misc.other" value="-c -fmessage-length=0 -fno-builtin -ffunction-sections -fdata-sections" valueType="string"/>
								<option id="gnu.c.compiler.option.optimization.flags.922591016" name="Other optimization flags" superClass="gnu.c.compiler.option.optimization.flags" value="-fno-common" valueType="string"/>
								<option id="gnu.c.compiler.option.include.paths.911894702" name="Include paths (-I)" superClass="gnu.c.compiler.option.include.paths" valueType="includePath">
									<listOptionValue builtIn="false" value="&quot;${workspace_loc:/lpc_board_nxp_lpcxpresso_1549/inc}&quot;"/>
									<listOptionValue builtIn="false" value="&quot;${workspace_loc:/lpc_chip_15xx/inc}&quot;"/>
									<listOptionValue builtIn="false" value="&quot;${workspace_loc:/${ProjName}/freertos/inc}&quot;"/>
									<listOptionValue builtIn="false" value="&quot;${workspace_loc:/${ProjName}/src}&quot;"/>
								</option>
								<inputType id="com.crt.advproject.compiler.input.1160455614" superClass="com.crt.advproject.compiler.input"/>
							</tool>
							<tool id="com.crt.advproject.gas.exe.release.1832089956" name="MCU Assembler" superClass="com.crt.advproject.gas.exe.release">
								<option id="com.crt.advproject.gas.hdrlib.651300274" name="Library headers" superClass="com.crt.advproject.gas.hdrlib" value="Newlib" valueType="enumerated"/>
								<option id="com.crt.advproject.gas.specs.1473703970" name="Specs" superClass="com.crt.advproject.gas.specs" value="com.crt.advproject.gas.specs.newlib" valueType="enumerated"/>
								<option id="com.crt.advproject.gas.arch.1279903649" name="Architecture" superClass="com.crt.advproject.gas.arch" value="com.crt.advproject.gas.target.cm3" valueType="enumerated"/>
								<option id="com.crt.advproject.gas.thumb.2073824007" name="Thumb mode" superClass="com.crt.advproject.gas.thumb" value="true" valueType="boolean"/>
								<option id="gnu.both.asm.option.flags.crt.683908944" name="Assembler flags" superClass="gnu.both.asm.option.flags.crt" value="-c -x assembler-with-cpp -D__NEWLIB__ -DNDEBUG -D__CODE_RED -DCORE_M3 -D__USE_LPCOPEN -D__LPC15XX__" valueType="string"/>
								<option id="gnu.both.asm.option.include.paths.1675423567" name="Include paths (-I)" superClass="gnu.both.asm.option.include.paths" valueType="includePath">
									<listOptionValue builtIn="false" value="&quot;${workspace_loc:/lpc_board_nxp_lpcxpresso_1549/inc}&quot;"/>
									<listOptionValue builtIn="false" value="&quot;${workspace_loc:/lpc_chip_15xx/inc}&quot;"/>
									<listOptionValue builtIn="false" value="&quot;${workspace_loc:/${ProjName}/freertos/inc}&quot;"/>
									<listOptionValue builtIn="false" value="&quot;${workspace_loc:/${ProjName}/src}&quot;"/>
								</option>
								<inputType id="cdt.managedbuild.tool.gnu.assembler.input.2051386207" superClass="cdt.managedbuild.tool.gnu.assembler.input"/>
								<inputType id="com.crt.advproject.assembler.input.971456690" name="Additional Assembly Source Files" superClass="com.crt.advproject.assembler.input"/>
							</tool>
							<tool id="com.crt.advproject.link.cpp.exe.release.1209640461" name="MCU C++ Linker" superClass="com.crt.advproject.link.cpp.exe.release">
								<option id="com.crt.advproject.link.cpp.multicore.master.userobjs.1043927986" name="Slave Objects (not visible)" superClass="com.crt.advproject.link.cpp.multicore.master.userobjs" valueType="userObjs"/>
								<option id="com.crt.advproject.link.cpp.arch.211673291" name="Architecture" superClass="com.crt.advproject.link.cpp.arch" value="com.crt.advproject.link.cpp.target.cm3" valueType="enumerated"/>
								<option id="com.crt.advproject.link.cpp.thumb.312928244" name="Thumb mode" superClass="com.crt.advproject.link.cpp.thumb" value="true" valueType="boolean"/>
								<option id="com.crt.advproject.link.cpp.script.37497301" name="Linker script" superClass="com.crt.advproject.link.cpp.script" value="&quot;XY-Plotter_Release.ld&quot;" valueType="string"/>
								<option id="com.crt.advproject.link.cpp.manage.203465946" name="Manage linker script" superClass="com.crt.advproject.link.cpp.manage" value="true" valueType="boolean"/>
								<option id="gnu.cpp.link.option.nostdlibs.782829503" name="No startup or default libs (-nostdlib)" superClass="gnu.cpp.link.option.nostdlibs" value="true" valueType="boolean"/>
								<option id="gnu.cpp.link.option.other.882171687" name="Other options (-Xlinker [option])" superClass="gnu.cpp.link.option.other" valueType="stringList">
									<listOptionValue builtIn="false" value="-Map=&quot;${BuildArtifactFileBaseName}.map&quot;"/>
									<listOptionValue builtIn="false" value="--gc-sections"/>
									<listOptionValue builtIn="false" value="-print-memory-usage"/>
								</option>
								<option id="com.crt.advproject.link.cpp.hdrlib.444901943" name="Library" superClass="com.crt.advproject.link.cpp.hdrlib" value="com.crt.advproject.cpp.link.hdrlib.newlib.nohost" valueType="enumerated"/>
								<option id="gnu.cpp.link.option.libs.1289519336" name="Libraries (-l)" superClass="gnu.cpp.link.option.libs" valueType="libs">
									<listOptionValue builtIn="false" value="lpc_board_nxp_lpcxpresso_1549"/>
									<listOptionValue builtIn="false" value="lpc_chip_15xx"/>
								</option>
								<option id="gnu.cpp.link.option.paths.1960371642" name="Library search path (-L)" superClass="gnu.cpp.link.option.paths" valueType="libPaths">
									<listOptionValue builtIn="false" value="&quot;${workspace_loc:/lpc_board_nxp_lpcxpresso_1549/Release}&quot;"/>
									<listOptionValue builtIn="false" value="&quot;${workspace_loc:/lpc_chip_15xx/Release}&quot;"/>
								</option>
								<option id="com.crt.advproject.link.cpp.crpenable.1546306120" name="Enable Code Read Protection" superClass="com.crt.advproject.link.cpp.crpenable"/>
								<inputType id="cdt.managedbuild.tool.gnu.cpp.linker.input.1439206976" superClass="cdt.managedbuild.tool.gnu.cpp.linker.input">
									<additionalInput kind="additionalinputdependency" paths="$(USER_OBJS)"/>
									<additionalInput kind="additionalinput" paths="$(LIBS)"/>
								</inputType>
							</tool>
							<tool id="com.crt.advproject.link.exe.release.1765027016" name="MCU Linker" superClass="com.crt.advproject.link.exe.release"/>
						</toolChain>
					</folderInfo>
					<sourceEntries>
						<entry flags="VALUE_WORKSPACE_PATH" kind="sourcePath" name="freertos"/>
						<entry flags="VALUE_WORKSPACE_PATH|RESOLVED" kind="sourcePath" name="src"/>
					</sourceEntries>
				</configuration>
			</storageModule>
			<storageModule moduleId="org.eclipse.cdt.core.externalSettings"/>
		</cconfiguration>
	</storageModule>
	<storageModule moduleId="cdtBuildSystem" version="4.0.0">
		<project id="XY-Plotter.com.crt.advproject.projecttype.exe.1302375325" name="Executable" projectType="com.crt.advproject.projecttype.exe"/>
	</storageModule>
	<storageModule moduleId="org.eclipse.cdt.core.LanguageSettingsProviders"/>
	<storageModule moduleId="com.crt.config">
		<projectStorage>&lt;?xml version="1.0" encoding="UTF-8"?&gt;&#13;
&lt;TargetConfig&gt;&#13;
&lt;Properties property_0="" property_2="LPC15xx_256K.cfx" property_3="NXP" property_4="LPC1549" property_count="5" version="70200"/&gt;&#13;
&lt;infoList vendor="NXP"&gt;&lt;info chip="LPC1549" connectscript="LPC15RunBootRomConnect.scp" flash_driver="LPC15xx_256K.cfx" match_id="0x0" name="LPC1549" resetscript="LPC15RunBootRomReset.scp" stub="crt_emu_cm3_gen"&gt;&lt;chip&gt;&lt;name&gt;LPC1549&lt;/name&gt;&#13;
&lt;family&gt;LPC15xx&lt;/family&gt;&#13;
&lt;vendor&gt;NXP (formerly Philips)&lt;/vendor&gt;&#13;
&lt;reset board="None" core="Real" sys="Real"/&gt;&#13;
&lt;clock changeable="TRUE" freq="12MHz" is_accurate="TRUE"/&gt;&#13;
&lt;memory can_program="true" id="Flash" is_ro="true" type="Flash"/&gt;&#13;
&lt;memory id="RAM" type="RAM"/&gt;&#13;
&lt;memory id="Periph" is_volatile="true" type="Peripheral"/&gt;&#13;
&lt;memoryInstance derived_from="Flash" id="MFlash256" location="0x0" size="0x40000"/&gt;&#13;
&lt;memoryInstance derived_from="RAM" id="Ram0_16" location="0x2000000" size="0x4000"/&gt;&#13;
&lt;memoryInstance derived_from="RAM" id="Ram1_16" location="0x2004000" size="0x4000"/&gt;&#13;
&lt;memoryInstance derived_from="RAM" id="Ram2_4" location="0x2008000" size="0x1000"/&gt;&#13;
&lt;peripheralInstance derived_from="V7M_MPU" determined="infoFile" id="MPU" location="0xe000ed90"/&gt;&#13;
&lt;peripheralInstance derived_from="V7M_NVIC" determined="infoFile" id="NVIC" location="0xe000e000"/&gt;&#13;
&lt;peripheralInstance derived_from="V7M_DCR" determined="infoFile" id="DCR" location="0xe000edf0"/&gt;&#13;
&lt;peripheralInstance derived_from="V7M_ITM" determined="infoFile" id="ITM" location="0xe0000000"/&gt;&#13;
&lt;peripheralInstance derived_from="GPIO-PORT" determined="infoFile" id="GPIO-PORT" location="0x1c000000"/&gt;&#13;
&lt;peripheralInstance derived_from="DMA" determined="infoFile" id="DMA" location="0x1c004000"/&gt;&#13;
&lt;peripheralInstance derived_from="USB" determined="infoFile" id="USB" location="0x1c00c000"/&gt;&#13;
&lt;peripheralInstance derived_from="CRC" determined="infoFile" id="CRC" location="0x1c010000"/&gt;&#13;
&lt;peripheralInstance derived_from="SCT0" determined="infoFile" id="SCT0" location="0x1c018000"/&gt;&#13;
&lt;peripheralInstance derived_from="SCT1" determined="infoFile" id="SCT1" location="0x1c01c000"/&gt;&#13;
&lt;peripheralInstance derived_from="SCT2" determined="infoFile" id="SCT2" location="0x1c020000"/&gt;&#13;
&lt;peripheralInstance derived_from="SCT3" determined="infoFile" id="SCT3" location="0x1c024000"/&gt;&#13;
&lt;peripheralInstance derived_from="ADC0" determined="infoFile" id="ADC0" location="0x40000000"/&gt;&#13;
&lt;peripheralInstance derived_from="DAC" determined="infoFile" id="DAC" location="0x40004000"/&gt;&#13;
&lt;peripheralInstance derived_from="ACMP" determined="infoFile" id="ACMP" location="0x40008000"/&gt;&#13;
&lt;peripheralInstance derived_from="INMUX" determined="infoFile" id="INMUX" location="0x40014000"/&gt;&#13;
&lt;peripheralInstance derived_from="RTC" determined="infoFile" id="RTC" location="0x40028000"/&gt;&#13;
&lt;peripheralInstance derived_from="WWDT" determined="infoFile" id="WWDT" location="0x4002c000"/&gt;&#13;
&lt;peripheralInstance derived_from="SWM" determined="infoFile" id="SWM" location="0x40038000"/&gt;&#13;
&lt;peripheralInstance derived_from="PMU" determined="infoFile" id="PMU" location="0x4003c000"/&gt;&#13;
&lt;peripheralInstance derived_from="USART0" determined="infoFile" id="USART0" location="0x40040000"/&gt;&#13;
&lt;peripheralInstance derived_from="USART1" determined="infoFile" id="USART1" location="0x40044000"/&gt;&#13;
&lt;peripheralInstance derived_from="SPI0" determined="infoFile" id="SPI0" location="0x40048000"/&gt;&#13;
&lt;peripheralInstance derived_from="SPI1" determined="infoFile" id="SPI1" location="0x4004c000"/&gt;&#13;
&lt;peripheralInstance derived_from="I2C0" determined="infoFile" id="I2C0" location="0x40050000"/&gt;&#13;
&lt;peripheralInstance derived_from="QEI" determined="infoFile" id="QEI" location="0x40058000"/&gt;&#13;
&lt;peripheralInstance derived_from="SYSCON" determined="infoFile" id="SYSCON" location="0x40074000"/&gt;&#13;
&lt;peripheralInstance derived_from="ADC1" determined="infoFile" id="ADC1" location="0x40080000"/&gt;&#13;
&lt;peripheralInstance derived_from="MRT" determined="infoFile" id="MRT" location="0x400a0000"/&gt;&#13;
&lt;peripheralInstance derived_from="PINT" determined="infoFile" id="PINT" location="0x400a4000"/&gt;&#13;
&lt;peripheralInstance derived_from="GINT0" determined="infoFile" id="GINT0" location="0x400a8000"/&gt;&#13;
&lt;peripheralInstance derived_from="GINT1" determined="infoFile" id="GINT1" location="0x400ac000"/&gt;&#13;
&lt;peripheralInstance derived_from="RIT" determined="infoFile" id="RIT" location="0x400b4000"/&gt;&#13;
&lt;peripheralInstance derived_from="SCTIPU" determined="infoFile" id="SCTIPU" location="0x400b8000"/&gt;&#13;
&lt;peripheralInstance derived_from="FLASHCTRL" determined="infoFile" id="FLASHCTRL" location="0x400bc000"/&gt;&#13;
&lt;peripheralInstance derived_from="USART2" determined="infoFile" id="USART2" location="0x400c0000"/&gt;&#13;
&lt;peripheralInstance derived_from="C-CAN0" determined="infoFile" id="C-CAN0" location="0x400f0000"/&gt;&#13;
&lt;peripheralInstance derived_from="IOCON" determined="infoFile" id="IOCON" location="0x400f8000"/&gt;&#13;
&lt;/chip&gt;&#13;
&lt;processor&gt;&lt;name gcc_name="cortex-m3"&gt;Cortex-M3&lt;/name&gt;&#13;
&lt;family&gt;Cortex-M&lt;/family&gt;&#13;
&lt;/processor&gt;&#13;
&lt;link href="LPC15xx_peripheral.xme" show="embed" type="simple"/&gt;&#13;
&lt;/info&gt;&#13;
&lt;/infoList&gt;&#13;
&lt;/TargetConfig&gt;</projectStorage>
	</storageModule>
	<storageModule moduleId="scannerConfiguration">
		<autodiscovery enabled="true" problemReportingEnabled="true" selectedProfileId=""/>
		<scannerConfigBuildInfo instanceId="com.crt.advproject.config.exe.release.486325822;com.crt.advproject.config.exe.release.486325822.;com.crt.advproject.cpp.exe.release.1203587922;com.crt.advproject.compiler.cpp.input.1050652639">
			<autodiscovery enabled="true" problemReportingEnabled="true" selectedProfileId="com.crt.advproject.GCCManagedMakePerProjectProfileCPP"/>
		</scannerConfigBuildInfo>
		<scannerConfigBuildInfo instanceId="com.crt.advproject.config.exe.release.486325822;com.crt.advproject.config.exe.release.486325822.;com.crt.advproject.gas.exe.release.1832089956;com.crt.advproject.assembler.input.971456690">
			<autodiscovery enabled="true" problemReportingEnabled="true" selectedProfileId="com.crt.advproject.GCCManagedMakePerProjectProfile"/>
		</scannerConfigBuildInfo>
		<scannerConfigBuildInfo instanceId="com.crt.advproject.config.exe.debug.493301864;com.crt.advproject.config.exe.debug.493301864.;com.crt.advproject.cpp.exe.debug.729262787;com.crt.advproject.compiler.cpp.input.106531452">
			<autodiscovery enabled="true" problemReportingEnabled="true" selectedProfileId="com.crt.advproject.GCCManagedMakePerProjectProfileCPP"/>
		</scannerConfigBuildInfo>
		<scannerConfigBuildInfo instanceId="com.crt.advproject.config.exe.release.486325822;com.crt.advproject.config.exe.release.486325822.;com.crt.advproject.gcc.exe.release.80879956;com.crt.advproject.compiler.input.1160455614">
			<autodiscovery enabled="true" problemReportingEnabled="true" selectedProfileId="com.crt.advproject.GCCManagedMakePerProjectProfile"/>
		</scannerConfigBuildInfo>
		<scannerConfigBuildInfo instanceId="com.crt.advproject.config.exe.debug.493301864;com.crt.advproject.config.exe.debug.493301864.;com.crt.advproject.gcc.exe.debug.756480476;com.crt.advproject.compiler.input.1218430736">
			<autodiscovery enabled="true" problemReportingEnabled="true" selectedProfileId="com.crt.advproject.GCCManagedMakePerProjectProfile"/>
		</scannerConfigBuildInfo>
		<scannerConfigBuildInfo instanceId="com.crt.advproject.config.exe.debug.493301864;com.crt.advproject.config.exe.debug.493301864.;com.crt.advproject.gas.exe.debug.664614241;com.crt.advproject.assembler.input.2116919640">
			<autodiscovery enabled="true" problemReportingEnabled="true" selectedProfileId="com.crt.advproject.GCCManagedMakePerProjectProfile"/>
		</scannerConfigBuildInfo>
	</storageModule>
	<storageModule moduleId="refreshScope" versionNumber="2">
		<configuration configurationName="Debug">
			<resource resourceType="PROJECT" workspacePath="/XY-Plotter"/>
		</configuration>
		<configuration configurationName="Release">
			<resource resourceType="PROJECT" workspacePath="/XY-Plotter"/>
		</configuration>
	</storageModule>
</cproject>
